﻿<?xml version="1.0" encoding="utf-8"?>
<publishData>
  <publishProfile publishUrl="C:\Users\USER\Desktop" deleteExistingFiles="False" ftpAnonymousLogin="False" ftpPassiveMode="True" msdeploySite="" msdeploySiteID="" msdeployRemoteSitePhysicalPath="" msdeployAllowUntrustedCertificate="False" msdeploySkipExtraFilesOnServer="True" msdeployMarkAsApp="False" profileName="OE" publishMethod="FileSystem" replaceMatchingFiles="True" userName="" savePWD="False" userPWD="" SelectedForPublish="True">
    <file relUrl="PL/Student/Studenthome.aspx" publishTime="04/03/2017 15:09:05" />
    <file relUrl="bin/AjaxControlToolkit.dll" publishTime="02/11/2017 15:48:18" />
    <file relUrl="home.aspx" publishTime="04/03/2017 02:09:19" />
    <file relUrl="Web.config" publishTime="04/03/2017 17:30:24" />
    <file relUrl="PL/Student/studentlogin.aspx" publishTime="04/03/2017 02:40:12" />
    <file relUrl="PL/Student/StudentCPassword.aspx" publishTime="04/03/2017 15:09:42" />
    <file relUrl="bin/OnlineExamination.dll" publishTime="04/03/2017 17:30:22" />
    <file relUrl="Global.asax" publishTime="03/29/2017 16:58:41" />
    <file relUrl="bin/OnlineExamination.pdb" publishTime="04/03/2017 17:30:22" />
    <file relUrl="PL/Student/Register.aspx" publishTime="04/03/2017 02:59:22" />
  </publishProfile>
</publishData>